id;data_inversa;dia_semana;horario;uf;br;km;municipio;causa_acidente;tipo_acidente;classificacao_acidente;fase_dia
532854;2023-06-30;sexta-feira;21:00:00;RJ;101;319.0;SAO GONCALO;Condutor deixou de manter distancia do veiculo da frente;Colisao lateral mesmo sentido;Sem Vitimas;Plena Noite
532996;2023-07-01;sabado;11:30:00;RJ;101;322.0;NITEROI;Reacao tardia ou ineficiente do condutor;Colisao lateral mesmo sentido;Com Vitimas Feridas;Pleno dia
533306;2023-07-02;domingo;18:39:00;RJ;101;307.0;SAO GONCALO;Reacao tardia ou ineficiente do condutor;Colisao lateral mesmo sentido;Com Vitimas Feridas;Plena Noite
533410;2023-07-03;segunda-feira;08:15:00;RJ;101;315.8;SAO GONCALO;Ausencia de reacao do condutor;Colisao traseira;Com Vitimas Feridas;Pleno dia
533887;2023-07-05;quarta-feira;17:20:00;RJ;101;310.0;SAO GONCALO;Ausencia de reacao do condutor;Colisao traseira;Com Vitimas Feridas;Anoitecer
534304;2023-07-07;sexta-feira;18:30:00;RJ;101;329.0;RIO DE JANEIRO;Manobra de mudanca de faixa;Colisao lateral mesmo sentido;Com Vitimas Feridas;Plena Noite
534539;2023-07-08;sabado;18:00:00;RJ;101;308.0;SAO GONCALO;Mal subito do condutor;Queda de ocupante de veiculo;Com Vitimas Feridas;Plena Noite
534718;2023-07-09;domingo;11:05:00;RJ;101;322.0;NITEROI;Mal subito do condutor;Colisao com objeto;Com Vitimas Feridas;Pleno dia
535113;2023-07-11;terca-feira;09:15:00;RJ;101;328.0;RIO DE JANEIRO;Condutor deixou de manter distancia do veiculo da frente;Colisao traseira;Com Vitimas Feridas;Pleno dia
535202;2023-07-11;terca-feira;18:55:00;RJ;101;310.0;SAO GONCALO;Condutor deixou de manter distancia do veiculo da frente;Colisao traseira;Com Vitimas Feridas;Plena Noite
535210;2023-07-11;terca-feira;19:10:00;RJ;101;312.0;SAO GONCALO;Condutor deixou de manter distancia do veiculo da frente;Colisao traseira;Com Vitimas Feridas;Plena Noite
535377;2023-07-12;quarta-feira;08:40:00;RJ;101;300.0;SAO GONCALO;Acessar a via sem observar a presenca dos outros veiculos;Colisao lateral mesmo sentido;Com Vitimas Feridas;Pleno dia
535679;2023-07-14;sexta-feira;05:50:00;RJ;101;308.0;SAO GONCALO;Trafegar com motocicleta (ou similar) entre as faixas;Tombamento;Com Vitimas Feridas;Amanhecer
535916;2023-07-15;sabado;02:20:00;RJ;101;330.0;RIO DE JANEIRO;Ausencia de reacao do condutor;Colisao com objeto;Com Vitimas Feridas;Plena Noite
536152;2023-07-16;domingo;05:40:00;RJ;101;307.0;SAO GONCALO;Deficiencia do Sistema de Iluminacao/Sinalizacao;Colisao traseira;Com Vitimas Feridas;Amanhecer
536287;2023-07-16;domingo;19:50:00;RJ;101;323.0;NITEROI;Ingestao de alcool pelo condutor;Colisao lateral mesmo sentido;Sem Vitimas;Plena Noite
536493;2023-07-17;segunda-feira;16:45:00;RJ;101;324.0;NITEROI;Ausencia de reacao do condutor;Queda de ocupante de veiculo;Com Vitimas Feridas;Pleno dia
536494;2023-07-17;segunda-feira;15:15:00;RJ;101;316.0;SAO GONCALO;Ausencia de reacao do condutor;Colisao lateral mesmo sentido;Com Vitimas Feridas;Pleno dia
536497;2023-07-17;segunda-feira;10:30:00;RJ;101;327.0;NITEROI;Ausencia de reacao do condutor;Colisao traseira;Com Vitimas Feridas;Pleno dia
536654;2023-07-18;terca-feira;07:40:00;RJ;101;320.0;NITEROI;Reacao tardia ou ineficiente do condutor;Queda de ocupante de veiculo;Com Vitimas Feridas;Pleno dia
536701;2023-07-18;terca-feira;10:05:00;RJ;101;330.0;RIO DE JANEIRO;Ausencia de reacao do condutor;Colisao traseira;Com Vitimas Feridas;Pleno dia
536857;2023-07-19;quarta-feira;16:50:00;RJ;101;333.0;RIO DE JANEIRO;Chuva;Tombamento;Com Vitimas Feridas;Plena Noite
536876;2023-07-19;quarta-feira;18:55:00;RJ;101;314.0;SAO GONCALO;Frear bruscamente;Colisao lateral mesmo sentido;Com Vitimas Feridas;Plena Noite
537059;2023-07-20;quinta-feira;21:10:00;RJ;101;323.0;NITEROI;Manobra de mudanca de faixa;Colisao traseira;Com Vitimas Feridas;Plena Noite
537464;2023-07-22;sabado;10:50:00;RJ;101;302.0;SAO GONCALO;Pedestre cruzava a pista fora da faixa;Atropelamento de Pedestre;Com Vitimas Feridas;Pleno dia
537484;2023-07-22;sabado;19:30:00;RJ;101;320.0;NITEROI;Pedestre cruzava a pista fora da faixa;Atropelamento de Pedestre;Com Vitimas Fatais;Plena Noite
537728;2023-07-21;sexta-feira;21:20:00;RJ;101;322.0;NITEROI;Manobra de mudanca de faixa;Colisao lateral mesmo sentido;Com Vitimas Feridas;Plena Noite
537984;2023-07-24;segunda-feira;18:20:00;RJ;101;309.0;SAO GONCALO;Condutor deixou de manter distancia do veiculo da frente;Colisao traseira;Com Vitimas Feridas;Plena Noite
538099;2023-06-26;segunda-feira;17:40:00;RJ;101;319.0;NITEROI;Manobra de mudanca de faixa;Colisao lateral mesmo sentido;Com Vitimas Feridas;Anoitecer
538161;2023-07-25;terca-feira;16:40:00;RJ;101;322.0;NITEROI;Velocidade Incompativel;Colisao traseira;Com Vitimas Feridas;Pleno dia
538332;2023-07-26;quarta-feira;13:55:00;RJ;101;332.0;RIO DE JANEIRO;Ausencia de reacao do condutor;Capotamento;Com Vitimas Feridas;Pleno dia
538334;2023-07-26;quarta-feira;14:05:00;RJ;101;328.0;NITEROI;Ausencia de reacao do condutor;Tombamento;Com Vitimas Feridas;Pleno dia
538381;2023-07-26;quarta-feira;18:30:00;RJ;101;318.0;SAO GONCALO;Trafegar com motocicleta (ou similar) entre as faixas;Colisao lateral mesmo sentido;Com Vitimas Feridas;Plena Noite
538578;2023-07-27;quinta-feira;22:50:00;RJ;101;334.0;RIO DE JANEIRO;Condutor deixou de manter distancia do veiculo da frente;Colisao traseira;Com Vitimas Feridas;Plena Noite
538743;2023-07-28;sexta-feira;09:00:00;RJ;101;333.0;RIO DE JANEIRO;Reacao tardia ou ineficiente do condutor;Colisao com objeto;Com Vitimas Feridas;Pleno dia
538750;2023-07-28;sexta-feira;17:00:00;RJ;101;321.0;NITEROI;Condutor deixou de manter distancia do veiculo da frente;Colisao lateral mesmo sentido;Com Vitimas Feridas;Pleno dia
538821;2023-07-29;sabado;00:00:00;RJ;101;315.0;SAO GONCALO;Ausencia de reacao do condutor;Engavetamento;Com Vitimas Feridas;Plena Noite
539260;2023-07-30;domingo;20:00:00;RJ;101;312.6;SAO GONCALO;Manobra de mudanca de faixa;Colisao lateral mesmo sentido;Com Vitimas Feridas;Plena Noite
539263;2023-07-30;domingo;20:10:00;RJ;101;313.1;SAO GONCALO;Transitar no Acostamento;Colisao traseira;Com Vitimas Feridas;Plena Noite
539355;2023-07-31;segunda-feira;08:50:00;RJ;101;327.0;RIO DE JANEIRO;Condutor deixou de manter distancia do veiculo da frente;Colisao traseira;Com Vitimas Feridas;Pleno dia
539485;2023-07-31;segunda-feira;21:20:00;RJ;101;329.0;RIO DE JANEIRO;Falta de acostamento;Colisao traseira;Com Vitimas Feridas;Plena Noite
539683;2023-08-01;terca-feira;20:00:00;RJ;101;329.0;RIO DE JANEIRO;Trafegar com motocicleta (ou similar) entre as faixas;Colisao lateral mesmo sentido;Com Vitimas Feridas;Plena Noite
539689;2023-08-01;terca-feira;18:20:00;RJ;101;319.0;SAO GONCALO;Manobra de mudanca de faixa;Colisao lateral mesmo sentido;Com Vitimas Feridas;Plena Noite
539856;2023-08-02;quarta-feira;14:15:00;RJ;101;322.0;NITEROI;Problema com o freio;Eventos atipicos;Com Vitimas Feridas;Pleno dia
539888;2023-08-03;quinta-feira;03:20:00;RJ;101;325.0;NITEROI;Reacao tardia ou ineficiente do condutor;Tombamento;Com Vitimas Feridas;Plena Noite
539900;2023-08-03;quinta-feira;06:45:00;RJ;101;309.0;SAO GONCALO;Trafegar com motocicleta (ou similar) entre as faixas;Queda de ocupante de veiculo;Com Vitimas Feridas;Pleno dia
539963;2023-08-03;quinta-feira;11:20:00;RJ;101;320.0;NITEROI;Ausencia de reacao do condutor;Tombamento;Com Vitimas Feridas;Pleno dia
540089;2023-07-27;quinta-feira;14:00:00;RJ;101;306.0;SAO GONCALO;Ausencia de reacao do condutor;Atropelamento de Pedestre;Com Vitimas Feridas;Pleno dia
540127;2023-08-04;sexta-feira;05:50:00;RJ;101;313.0;SAO GONCALO;Ausencia de reacao do condutor;Colisao traseira;Com Vitimas Feridas;Amanhecer
540203;2023-08-04;sexta-feira;15:50:00;RJ;101;329.0;NITEROI;Condutor deixou de manter distancia do veiculo da frente;Colisao traseira;Com Vitimas Feridas;Pleno dia
540243;2023-08-04;sexta-feira;21:30:00;RJ;101;328.0;RIO DE JANEIRO;Condutor deixou de manter distancia do veiculo da frente;Tombamento;Com Vitimas Feridas;Plena Noite
540842;2023-07-26;quarta-feira;17:45:00;RJ;101;328.0;NITEROI;Frear bruscamente;Colisao traseira;Sem Vitimas;Anoitecer
540873;2023-08-07;segunda-feira;09:15:00;RJ;101;323.0;NITEROI;Reacao tardia ou ineficiente do condutor;Engavetamento;Com Vitimas Feridas;Pleno dia
540977;2023-08-06;domingo;15:20:00;RJ;101;331.0;RIO DE JANEIRO;Avarias e/ou desgaste excessivo no pneu;Tombamento;Com Vitimas Feridas;Pleno dia
541091;2023-08-08;terca-feira;19:45:00;RJ;101;309.0;SAO GONCALO;Ausencia de reacao do condutor;Colisao traseira;Com Vitimas Feridas;Plena Noite
541302;2023-08-09;quarta-feira;12:00:00;RJ;101;306.0;SAO GONCALO;Ausencia de reacao do condutor;Colisao traseira;Sem Vitimas;Pleno dia
541697;2023-08-11;sexta-feira;20:20:00;RJ;101;306.0;SAO GONCALO;Trafegar com motocicleta (ou similar) entre as faixas;Colisao traseira;Com Vitimas Feridas;Plena Noite
541827;2023-08-12;sabado;09:15:00;RJ;101;333.0;RIO DE JANEIRO;Reacao tardia ou ineficiente do condutor;Colisao traseira;Com Vitimas Feridas;Pleno dia
541871;2023-08-12;sabado;14:00:00;RJ;101;322.0;NITEROI;Ausencia de reacao do condutor;Colisao traseira;Com Vitimas Feridas;Pleno dia
541889;2023-08-12;sabado;15:00:00;RJ;101;325.0;NITEROI;Condutor deixou de manter distancia do veiculo da frente;Colisao traseira;Sem Vitimas;Pleno dia
542113;2023-08-13;domingo;12:30:00;RJ;101;310.0;SAO GONCALO;Ultrapassagem Indevida;Colisao lateral mesmo sentido;Sem Vitimas;Pleno dia
542230;2023-08-13;domingo;23:30:00;RJ;101;328.0;RIO DE JANEIRO;Ausencia de reacao do condutor;Colisao com objeto;Com Vitimas Feridas;Plena Noite
542850;2023-08-17;quinta-feira;09:40:00;RJ;101;318.0;SAO GONCALO;Condutor deixou de manter distancia do veiculo da frente;Colisao lateral mesmo sentido;Com Vitimas Feridas;Pleno dia
542858;2023-08-17;quinta-feira;12:00:00;RJ;101;319.0;NITEROI;Mal subito do condutor;Saida de leito carrocavel;Com Vitimas Feridas;Pleno dia
542910;2023-08-17;quinta-feira;12:45:00;RJ;101;324.0;NITEROI;Condutor usando celular;Colisao traseira;Com Vitimas Feridas;Pleno dia
543245;2023-08-19;sabado;08:30:00;RJ;101;312.0;SAO GONCALO;Condutor deixou de manter distancia do veiculo da frente;Colisao traseira;Com Vitimas Feridas;Pleno dia
543443;2023-08-20;domingo;05:40:00;RJ;101;318.0;SAO GONCALO;Ausencia de reacao do condutor;Queda de ocupante de veiculo;Com Vitimas Feridas;Amanhecer
543685;2023-08-21;segunda-feira;06:50:00;RJ;101;327.0;RIO DE JANEIRO;Condutor deixou de manter distancia do veiculo da frente;Colisao traseira;Com Vitimas Feridas;Pleno dia
543715;2023-08-21;segunda-feira;15:20:00;RJ;101;304.0;SAO GONCALO;Frear bruscamente;Queda de ocupante de veiculo;Com Vitimas Feridas;Pleno dia
543794;2023-08-21;segunda-feira;09:10:00;RJ;101;333.0;RIO DE JANEIRO;Condutor deixou de manter distancia do veiculo da frente;Queda de ocupante de veiculo;Com Vitimas Feridas;Pleno dia
543872;2023-06-19;segunda-feira;06:45:00;RJ;101;322.0;NITEROI;Acessar a via sem observar a presenca dos outros veiculos;Colisao traseira;Com Vitimas Feridas;Pleno dia
544076;2023-08-23;quarta-feira;11:05:00;RJ;101;332.0;RIO DE JANEIRO;Trafegar com motocicleta (ou similar) entre as faixas;Colisao lateral mesmo sentido;Com Vitimas Feridas;Pleno dia
544122;2023-08-23;quarta-feira;15:00:00;RJ;101;322.0;NITEROI;Ausencia de reacao do condutor;Tombamento;Com Vitimas Feridas;Pleno dia
544306;2023-08-24;quinta-feira;17:00:00;RJ;101;306.0;SAO GONCALO;Manobra de mudanca de faixa;Capotamento;Com Vitimas Feridas;Pleno dia
544433;2023-08-25;sexta-feira;11:20:00;RJ;101;324.0;NITEROI;Ausencia de reacao do condutor;Colisao traseira;Com Vitimas Feridas;Pleno dia
544460;2023-08-25;sexta-feira;14:20:00;RJ;101;330.0;RIO DE JANEIRO;Ausencia de reacao do condutor;Colisao com objeto;Com Vitimas Feridas;Pleno dia
544569;2023-08-26;sabado;00:30:00;RJ;101;317.0;SAO GONCALO;Acessar a via sem observar a presenca dos outros veiculos;Colisao com objeto;Com Vitimas Feridas;Plena Noite
544721;2023-08-26;sabado;16:30:00;RJ;101;314.0;SAO GONCALO;Manobra de mudanca de faixa;Colisao lateral mesmo sentido;Com Vitimas Feridas;Pleno dia
544873;2023-08-27;domingo;11:00:00;RJ;101;305.0;SAO GONCALO;Pedestre cruzava a pista fora da faixa;Atropelamento de Pedestre;Com Vitimas Feridas;Pleno dia
544971;2023-08-27;domingo;19:40:00;RJ;101;299.5;SAO GONCALO;Manobra de mudanca de faixa;Colisao lateral mesmo sentido;Com Vitimas Feridas;Plena Noite
545353;2023-08-29;terca-feira;15:20:00;RJ;101;329.0;RIO DE JANEIRO;Avarias e/ou desgaste excessivo no pneu;Queda de ocupante de veiculo;Com Vitimas Feridas;Pleno dia
545432;2023-08-30;quarta-feira;07:15:00;RJ;101;333.0;RIO DE JANEIRO;Reacao tardia ou ineficiente do condutor;Tombamento;Com Vitimas Feridas;Pleno dia
545538;2023-08-30;quarta-feira;16:55:00;RJ;101;322.0;NITEROI;Velocidade Incompativel;Colisao traseira;Com Vitimas Feridas;Pleno dia
545881;2023-09-01;sexta-feira;16:46:00;RJ;101;330.0;RIO DE JANEIRO;Condutor deixou de manter distancia do veiculo da frente;Colisao lateral mesmo sentido;Com Vitimas Feridas;Pleno dia
545916;2023-09-01;sexta-feira;17:45:00;RJ;101;304.0;SAO GONCALO;Ausencia de reacao do condutor;Colisao traseira;Com Vitimas Feridas;Anoitecer
546000;2023-09-02;sabado;02:20:00;RJ;101;314.0;SAO GONCALO;Velocidade Incompativel;Queda de ocupante de veiculo;Com Vitimas Feridas;Plena Noite
546079;2023-09-02;sabado;11:50:00;RJ;101;325.0;NITEROI;Condutor deixou de manter distancia do veiculo da frente;Colisao traseira;Com Vitimas Feridas;Pleno dia
546113;2023-09-02;sabado;14:30:00;RJ;101;324.0;NITEROI;Reacao tardia ou ineficiente do condutor;Engavetamento;Com Vitimas Feridas;Pleno dia
546230;2023-09-03;domingo;00:30:00;RJ;101;321.0;NITEROI;Demais falhas na via;Queda de ocupante de veiculo;Com Vitimas Feridas;Plena Noite
546367;2023-09-03;domingo;13:30:00;RJ;101;309.0;SAO GONCALO;Ausencia de reacao do condutor;Colisao traseira;Com Vitimas Feridas;Pleno dia
546499;2023-09-04;segunda-feira;05:30:00;RJ;101;310.0;SAO GONCALO;Reacao tardia ou ineficiente do condutor;Colisao com objeto;Com Vitimas Feridas;Amanhecer
546522;2023-09-04;segunda-feira;07:30:00;RJ;101;309.0;SAO GONCALO;Condutor deixou de manter distancia do veiculo da frente;Colisao traseira;Com Vitimas Feridas;Pleno dia
546530;2023-09-04;segunda-feira;09:42:00;RJ;101;332.0;RIO DE JANEIRO;Condutor deixou de manter distancia do veiculo da frente;Colisao traseira;Com Vitimas Feridas;Pleno dia
546590;2023-09-04;segunda-feira;08:00:00;RJ;101;318.0;SAO GONCALO;Ausencia de reacao do condutor;Queda de ocupante de veiculo;Com Vitimas Feridas;Pleno dia
546640;2023-09-04;segunda-feira;21:30:00;RJ;101;309.8;SAO GONCALO;Reacao tardia ou ineficiente do condutor;Queda de ocupante de veiculo;Com Vitimas Feridas;Plena Noite
546660;2023-09-05;terca-feira;05:20:00;RJ;101;306.0;SAO GONCALO;Avarias e/ou desgaste excessivo no pneu;Capotamento;Com Vitimas Feridas;Amanhecer
546771;2023-09-05;terca-feira;09:30:00;RJ;101;322.0;NITEROI;Demais falhas mecanicas ou eletricas;Incendio;Sem Vitimas;Pleno dia
546801;2023-09-05;terca-feira;19:05:00;RJ;101;333.0;RIO DE JANEIRO;Reacao tardia ou ineficiente do condutor;Colisao traseira;Com Vitimas Feridas;Plena Noite
546815;2023-09-05;terca-feira;08:10:00;RJ;101;316.0;SAO GONCALO;Ausencia de reacao do condutor;Colisao transversal;Com Vitimas Feridas;Pleno dia
546945;2023-08-29;terca-feira;05:00:00;RJ;101;319.0;NITEROI;Condutor deixou de manter distancia do veiculo da frente;Colisao com objeto;Com Vitimas Feridas;Plena Noite
547159;2023-09-04;segunda-feira;04:00:00;RJ;101;321.0;NITEROI;Curva acentuada;Queda de ocupante de veiculo;Com Vitimas Feridas;Plena Noite
547198;2023-09-07;quinta-feira;14:20:00;RJ;101;302.0;SAO GONCALO;Manobra de mudanca de faixa;Colisao traseira;Com Vitimas Feridas;Pleno dia
547380;2023-09-08;sexta-feira;08:47:00;RJ;101;334.0;RIO DE JANEIRO;Ausencia de reacao do condutor;Tombamento;Com Vitimas Feridas;Pleno dia
547462;2023-09-08;sexta-feira;17:00:00;RJ;101;325.0;NITEROI;Condutor deixou de manter distancia do veiculo da frente;Tombamento;Com Vitimas Feridas;Anoitecer
547588;2023-09-09;sabado;12:40:00;RJ;101;321.0;NITEROI;Ausencia de reacao do condutor;Colisao lateral mesmo sentido;Sem Vitimas;Pleno dia
547719;2023-09-10;domingo;00:20:00;RJ;101;328.0;NITEROI;Reacao tardia ou ineficiente do condutor;Tombamento;Com Vitimas Feridas;Plena Noite
547736;2023-09-10;domingo;02:10:00;RJ;101;305.0;SAO GONCALO;Ausencia de reacao do condutor;Atropelamento de Animal;Com Vitimas Fatais;Plena Noite
548015;2023-09-11;segunda-feira;06:00:00;RJ;101;306.0;SAO GONCALO;Frear bruscamente;Engavetamento;Com Vitimas Feridas;Pleno dia
548041;2023-09-11;segunda-feira;09:10:00;RJ;101;314.6;SAO GONCALO;Trafegar com motocicleta (ou similar) entre as faixas;Queda de ocupante de veiculo;Com Vitimas Fatais;Pleno dia
548062;2023-09-11;segunda-feira;08:40:00;RJ;101;319.0;NITEROI;Trafegar com motocicleta (ou similar) entre as faixas;Colisao lateral mesmo sentido;Com Vitimas Feridas;Pleno dia
548118;2023-09-11;segunda-feira;15:00:00;RJ;101;326.0;NITEROI;Condutor deixou de manter distancia do veiculo da frente;Colisao traseira;Com Vitimas Feridas;Pleno dia
548196;2023-09-12;terca-feira;09:30:00;RJ;101;324.0;NITEROI;Trafegar com motocicleta (ou similar) entre as faixas;Colisao lateral mesmo sentido;Com Vitimas Feridas;Pleno dia
548220;2023-09-12;terca-feira;09:10:00;RJ;101;324.0;NITEROI;Ausencia de reacao do condutor;Tombamento;Com Vitimas Feridas;Pleno dia
548383;2023-08-28;segunda-feira;17:25:00;RJ;101;324.0;NITEROI;Reacao tardia ou ineficiente do condutor;Colisao lateral mesmo sentido;Com Vitimas Feridas;Anoitecer
548399;2023-09-13;quarta-feira;11:45:00;RJ;101;326.0;NITEROI;Manobra de mudanca de faixa;Colisao lateral mesmo sentido;Com Vitimas Feridas;Pleno dia
548460;2023-09-13;quarta-feira;11:05:00;RJ;101;315.0;SAO GONCALO;Condutor deixou de manter distancia do veiculo da frente;Colisao lateral mesmo sentido;Com Vitimas Feridas;Pleno dia
548522;2023-09-14;quinta-feira;06:00:00;RJ;101;323.0;NITEROI;Demais falhas mecanicas ou eletricas;Incendio;Sem Vitimas;Pleno dia
548807;2023-09-15;sexta-feira;08:15:00;RJ;101;316.0;SAO GONCALO;Demais falhas mecanicas ou eletricas;Queda de ocupante de veiculo;Com Vitimas Feridas;Pleno dia
548837;2023-09-15;sexta-feira;14:10:00;RJ;101;331.0;RIO DE JANEIRO;Condutor deixou de manter distancia do veiculo da frente;Colisao traseira;Com Vitimas Feridas;Pleno dia
549005;2023-09-16;sabado;11:00:00;RJ;101;330.0;RIO DE JANEIRO;Ausencia de reacao do condutor;Colisao traseira;Com Vitimas Feridas;Pleno dia
549184;2023-09-16;sabado;00:45:00;RJ;101;328.0;NITEROI;Ausencia de reacao do condutor;Colisao com objeto;Com Vitimas Feridas;Plena Noite
549390;2023-09-18;segunda-feira;02:00:00;RJ;101;307.0;SAO GONCALO;Reacao tardia ou ineficiente do condutor;Queda de ocupante de veiculo;Com Vitimas Feridas;Plena Noite
549529;2023-09-18;segunda-feira;17:10:00;RJ;101;325.0;NITEROI;Trafegar com motocicleta (ou similar) entre as faixas;Colisao lateral mesmo sentido;Com Vitimas Feridas;Pleno dia
549548;2023-09-16;sabado;21:35:00;RJ;101;304.0;SAO GONCALO;Condutor deixou de manter distancia do veiculo da frente;Colisao traseira;Com Vitimas Feridas;Plena Noite
549564;2023-09-18;segunda-feira;18:15:00;RJ;101;318.0;SAO GONCALO;Trafegar com motocicleta (ou similar) entre as faixas;Colisao transversal;Com Vitimas Feridas;Plena Noite
549805;2023-09-20;quarta-feira;07:50:00;RJ;101;326.0;NITEROI;Reacao tardia ou ineficiente do condutor;Colisao traseira;Com Vitimas Feridas;Pleno dia
549913;2023-09-20;quarta-feira;17:30:00;RJ;101;318.0;SAO GONCALO;Ausencia de reacao do condutor;Colisao com objeto;Com Vitimas Feridas;Anoitecer
550177;2023-02-02;quinta-feira;13:10:00;RJ;101;306.0;SAO GONCALO;Entrada inopinada do pedestre;Atropelamento de Pedestre;Com Vitimas Fatais;Pleno dia
550390;2023-09-23;sabado;07:40:00;RJ;101;304.0;SAO GONCALO;Condutor deixou de manter distancia do veiculo da frente;Capotamento;Com Vitimas Feridas;Pleno dia
550699;2023-09-24;domingo;19:00:00;RJ;101;307.8;SAO GONCALO;Ingestao de alcool pelo condutor;Queda de ocupante de veiculo;Com Vitimas Feridas;Plena Noite